Area_sqft,Bedrooms,Bathrooms,Age_of_House,Price
850,1,1,20,1800000
900,2,1,18,2100000
950,2,1,15,2300000
1000,2,1,12,2500000
1050,2,2,10,2700000
1100,2,2,9,2900000
1150,2,2,8,3000000
1200,2,2,7,3200000
1250,2,2,6,3400000
1300,3,2,10,3600000
1350,3,2,9,3800000
1400,3,2,8,4000000
1450,3,2,7,4200000
1500,3,2,6,4400000
1550,3,3,5,4600000
1600,3,3,5,4800000
1650,3,3,4,5000000
1700,3,3,4,5200000
1750,3,3,3,5400000
1800,3,3,3,5600000
1850,4,3,6,5800000
1900,4,3,5,6000000
1950,4,3,5,6200000
2000,4,3,4,6400000
2050,4,3,4,6600000
2100,4,4,3,6800000
2150,4,4,3,7000000
2200,4,4,2,7200000
2250,4,4,2,7400000
2300,4,4,2,7600000
2350,5,4,4,7800000
2400,5,4,4,8000000
2450,5,4,3,8200000
2500,5,4,3,8400000
2550,5,4,3,8600000
2600,5,5,2,8800000
2650,5,5,2,9000000
2700,5,5,2,9200000
2750,5,5,1,9400000
2800,5,5,1,9600000
2850,6,5,2,9800000
2900,6,5,2,10000000
2950,6,5,1,10200000
3000,6,5,1,10400000
3050,6,6,1,10600000
3100,6,6,1,10800000
3150,6,6,1,11000000
3200,6,6,1,11200000
3250,6,6,1,11400000
3300,6,6,1,11600000